name,category,type,source,spatial
Music_Title_Theme_Loop,MUSIC,Loop,Original,2D
Music_Nightfall_Sting,MUSIC,Sting,Original,2D
Player_Step_Leaves_01,,,Library,2D
Player_Step_Leaves_02,,,Library,2D
Player_Step_Leaves_03,,,Library,2D
Player_Axe_Swing_01,,OneShot,Hybrid,2D
Player_Axe_Swing_02,,OneShot,Hybrid,2D
Cabin_Fireplace_Crackle_Loop,AMBIENCE,Loop,Original,3D
Forest_Owl_Call_01,AMBIENCE,OneShot,Library,3D
Forest_Owl_Call_02,AMBIENCE,OneShot,Library,3D
Forest_Rain_On_Roof_Loop,AMBIENCE,Loop,Hybrid,2D
Item_Kettle_Whistle,,OneShot,Original,3D
Item_Stove_Lid_Open,,OneShot,Library,3D
Wildlife_Deer_Run_01,,OneShot,Library,3D
Wildlife_Wolf_Howl_Far,,OneShot,Original,3D
Wildlife_Wolf_Howl_Near,,OneShot,Original,3D
Weather_Thunder_Distant_01,,OneShot,Library,3D
Weather_Thunder_Distant_02,,OneShot,Library,3D
Weather_Wind_Gust_01,,OneShot,Hybrid,3D
UI_Journal_Open,,OneShot,Original,2D
UI_Journal_Page_Turn,,OneShot,Original,2D
UI_Map_Unfold,,OneShot,Library,2D
